slug,artigo,pagina,imagem_local,texto_alternativo,legenda,licenca,fonte,status
triangulo-mineiro,Triângulo Mineiro,artigo-triangulo-mineiro.html,,,,,,sem imagem local; consultar fonte manualmente
uberlandia,Uberlândia,artigo-uberlandia.html,img/wikipedia/uberlandia/image.jpg,"Praça Tubal Vilela, no centro de Uberlândia","Praça Tubal Vilela, ponto central de Uberlândia.",CC BY-SA,https://commons.wikimedia.org/wiki/File:Pra%C3%A7a_Tubal_Vilela.jpg,local e com legenda/crédito
uberaba,Uberaba,artigo-uberaba.html,img/wikipedia/uberaba/image3.jpg,Vista da cidade de Uberaba,Vista da cidade de Uberaba.,CC BY-SA,https://commons.wikimedia.org/wiki/File:City_of_Uberaba_-_Brazil.jpg,local e com legenda/crédito
uberaba,Uberaba,artigo-uberaba.html,img/wikipedia/uberaba/image1.jpg,"Fachada da Catedral de São Domingos, marco arquitetônico do centro de Uberaba","Catedral de São Domingos, no centro histórico de Uberaba.",CC BY-SA,https://commons.wikimedia.org/wiki/File:Catedral_S%C3%A3o_Domingos_em_Uberaba.jpg,local e com legenda/crédito
araxa,Araxá,artigo-araxa.html,img/wikipedia/araxa/image.jpg,"Vista do Barreiro, região turística e termal de Araxá","O Barreiro, região de águas termais de Araxá.",CC BY-SA,"https://commons.wikimedia.org/wiki/File:Barreiro,_Arax%C3%A1,_Minas_Gerais_(51920949360).jpg",local e com legenda/crédito
frutal,Frutal,artigo-frutal.html,img/wikipedia/frutal/image.jpg,Frutal,Frutal — imagem ilustrativa.,CC BY-SA 4.0,https://commons.wikimedia.org/wiki/File%3AFoto_panor%C3%A2mica_da_Igreja_Matriz_de_Frutal_em_2015.jpg,local e com legenda/crédito
ituiutaba,Ituiutaba,artigo-ituiutaba.html,,,,,,sem imagem local; consultar fonte manualmente
sacramento-mg,Sacramento (MG),artigo-sacramento-mg.html,,,,,,sem imagem local; consultar fonte manualmente
rio-paranaiba,Rio Paranaíba,artigo-rio-paranaiba.html,img/wikipedia/rio-paranaiba/image.jpg,Rio Paranaíba,Rio Paranaíba — imagem ilustrativa.,CC BY-SA 4.0,https://commons.wikimedia.org/wiki/File%3AMedioParanaiba-AraporaXItumbia-MGxGO.jpg,local e com legenda/crédito
peiropolis,Peirópolis,artigo-peiropolis.html,,,,,,sem imagem local; consultar fonte manualmente
zebu-e-a-expozebu,Zebu e a ExpoZebu,artigo-zebu-e-a-expozebu.html,,,,,,sem imagem local; consultar fonte manualmente
cerrado,Cerrado,artigo-cerrado.html,img/wikipedia/cerrado/image.jpg,"Vegetação típica do bioma cerrado, no Parque Nacional da Chapada dos Veadeiros","Vegetação de cerrado, Parque Nacional da Chapada dos Veadeiros (GO).",CC BY-SA,https://commons.wikimedia.org/wiki/File:Cerrado_-_Parque_Nacional_Chapada_dos_veadeiros.jpg,local e com legenda/crédito
pao-de-queijo,Pão de queijo,artigo-pao-de-queijo.html,,,,,,sem imagem local; consultar fonte manualmente
vicente-de-paula-vieira,Vicente de Paula Vieira (Barão da Rifaina),artigo-vicente-de-paula-vieira.html,,,,,,sem imagem local; consultar fonte manualmente
campos-altos,Campos Altos,artigo-campos-altos.html,img/wikipedia/campos-altos/image.jpg,Campos Altos,Campos Altos — imagem ilustrativa.,Public domain,https://commons.wikimedia.org/wiki/File%3ACampos_Altosmgbandeira.jpg,local e com legenda/crédito
ibia,Ibiá,artigo-ibia.html,img/wikipedia/ibia/image.jpg,Ibiá,Ibiá — imagem ilustrativa.,Public domain,https://commons.wikimedia.org/wiki/File%3ABandeira_de_Ibi%C3%A1.jpg,local e com legenda/crédito
nova-ponte,Nova Ponte,artigo-nova-ponte.html,img/wikipedia/nova-ponte/image.jpeg,Nova Ponte,Nova Ponte — imagem ilustrativa.,CC0,https://commons.wikimedia.org/wiki/File%3ABandeira_de_Nova_Ponte-MG.jpeg,local e com legenda/crédito
pedrinopolis,Pedrinópolis,artigo-pedrinopolis.html,,,,,,sem imagem local; consultar fonte manualmente
perdizes,Perdizes,artigo-perdizes.html,,,,,,sem imagem local; consultar fonte manualmente
pratinha,Pratinha,artigo-pratinha.html,,,,,,sem imagem local; consultar fonte manualmente
santa-juliana,Santa Juliana,artigo-santa-juliana.html,,,,,,sem imagem local; consultar fonte manualmente
tapira,Tapira,artigo-tapira.html,,,,,,sem imagem local; consultar fonte manualmente
campina-verde,Campina Verde,artigo-campina-verde.html,,,,,,sem imagem local; consultar fonte manualmente
carneirinho,Carneirinho,artigo-carneirinho.html,,,,,,sem imagem local; consultar fonte manualmente
comendador-gomes,Comendador Gomes,artigo-comendador-gomes.html,,,,,,sem imagem local; consultar fonte manualmente
fronteira,Fronteira,artigo-fronteira.html,,,,,,sem imagem local; consultar fonte manualmente
itapagipe,Itapagipe,artigo-itapagipe.html,,,,,,sem imagem local; consultar fonte manualmente
iturama,Iturama,artigo-iturama.html,,,,,,sem imagem local; consultar fonte manualmente
limeira-do-oeste,Limeira do Oeste,artigo-limeira-do-oeste.html,,,,,,sem imagem local; consultar fonte manualmente
pirajuba,Pirajuba,artigo-pirajuba.html,,,,,,sem imagem local; consultar fonte manualmente
planura,Planura,artigo-planura.html,,,,,,sem imagem local; consultar fonte manualmente
sao-francisco-de-sales,São Francisco de Sales,artigo-sao-francisco-de-sales.html,,,,,,sem imagem local; consultar fonte manualmente
uniao-de-minas,União de Minas,artigo-uniao-de-minas.html,,,,,,sem imagem local; consultar fonte manualmente
cachoeira-dourada,Cachoeira Dourada,artigo-cachoeira-dourada.html,,,,,,sem imagem local; consultar fonte manualmente
capinopolis,Capinópolis,artigo-capinopolis.html,,,,,,sem imagem local; consultar fonte manualmente
gurinhata,Gurinhatã,artigo-gurinhata.html,img/wikipedia/gurinhata/image.jpg,Gurinhatã,Gurinhatã — imagem da página correspondente na Wikipédia.,Public domain,https://commons.wikimedia.org/wiki/File:Gurinhat%C3%A3mgbandeira.jpg,local e com legenda/crédito
ipiacu,Ipiaçu,artigo-ipiacu.html,,,,,,sem imagem local; consultar fonte manualmente
santa-vitoria,Santa Vitória,artigo-santa-vitoria.html,,,,,,sem imagem local; consultar fonte manualmente
arapua,Arapuá,artigo-arapua.html,img/wikipedia/arapua/image.png,Arapuá,Arapuá — imagem da página correspondente na Wikipédia.,Public domain,https://commons.wikimedia.org/wiki/File:Arapu%C3%A1mgbrasoes.png,local e com legenda/crédito
carmo-do-paranaiba,Carmo do Paranaíba,artigo-carmo-do-paranaiba.html,,,,,,sem imagem local; consultar fonte manualmente
guimarania,Guimarânia,artigo-guimarania.html,,,,,,sem imagem local; consultar fonte manualmente
lagoa-formosa,Lagoa Formosa,artigo-lagoa-formosa.html,,,,,,sem imagem local; consultar fonte manualmente
matutina,Matutina,artigo-matutina.html,,,,,,sem imagem local; consultar fonte manualmente
patos-de-minas,Patos de Minas,artigo-patos-de-minas.html,img/wikipedia/patos-de-minas/image.jpg,Patos de Minas,Patos de Minas — imagem da página correspondente na Wikipédia.,CC BY-SA 4.0,https://commons.wikimedia.org/wiki/File:Patos-de-Minas-MG.jpg,local e com legenda/crédito
rio-paranaiba-mg,Rio Paranaíba,artigo-rio-paranaiba-mg.html,img/wikipedia/rio-paranaiba-mg/image.jpg,Rio Paranaíba,Rio Paranaíba — imagem da página correspondente na Wikipédia.,CC BY-SA 4.0,https://commons.wikimedia.org/wiki/File:MedioParanaiba-AraporaXItumbia-MGxGO.jpg,local e com legenda/crédito
santa-rosa-da-serra,Santa Rosa da Serra,artigo-santa-rosa-da-serra.html,,,,,,sem imagem local; consultar fonte manualmente
sao-gotardo,São Gotardo,artigo-sao-gotardo.html,,,,,,sem imagem local; consultar fonte manualmente
tiros,Tiros,artigo-tiros.html,,,,,,sem imagem local; consultar fonte manualmente
abadia-dos-dourados,Abadia dos Dourados,artigo-abadia-dos-dourados.html,img/wikipedia/abadia-dos-dourados/image.png,Abadia dos Dourados,Abadia dos Dourados — imagem da página correspondente na Wikipédia.,CC0,https://commons.wikimedia.org/wiki/File:Abadia-dos-dourados-bandeira.png,local e com legenda/crédito
coromandel,Coromandel,artigo-coromandel.html,,,,,,sem imagem local; consultar fonte manualmente
cruzeiro-da-fortaleza,Cruzeiro da Fortaleza,artigo-cruzeiro-da-fortaleza.html,,,,,,sem imagem local; consultar fonte manualmente
douradoquara,Douradoquara,artigo-douradoquara.html,img/wikipedia/douradoquara/image.jpg,Douradoquara,Douradoquara — imagem da página correspondente na Wikipédia.,Public domain,https://commons.wikimedia.org/wiki/File:Perdizes.jpg,local e com legenda/crédito
estrela-do-sul,Estrela do Sul,artigo-estrela-do-sul.html,,,,,,sem imagem local; consultar fonte manualmente
grupiara,Grupiara,artigo-grupiara.html,,,,,,sem imagem local; consultar fonte manualmente
irai-de-minas,Iraí de Minas,artigo-irai-de-minas.html,,,,,,sem imagem local; consultar fonte manualmente
monte-carmelo,Monte Carmelo,artigo-monte-carmelo.html,img/wikipedia/monte-carmelo/image.jpg,Monte Carmelo,Monte Carmelo — imagem da página correspondente na Wikipédia.,CC BY-SA 3.0,https://commons.wikimedia.org/wiki/File:MountCarmel1.JPG,local e com legenda/crédito
patrocinio,Patrocínio,artigo-patrocinio.html,,,,,,sem imagem local; consultar fonte manualmente
romaria,Romaria,artigo-romaria.html,,,,,,sem imagem local; consultar fonte manualmente
serra-do-salitre,Serra do Salitre,artigo-serra-do-salitre.html,,,,,,sem imagem local; consultar fonte manualmente
agua-comprida,Água Comprida,artigo-agua-comprida.html,,,,,,sem imagem local; consultar fonte manualmente
campo-florido,Campo Florido,artigo-campo-florido.html,,,,,,sem imagem local; consultar fonte manualmente
conceicao-das-alagoas,Conceição das Alagoas,artigo-conceicao-das-alagoas.html,,,,,,sem imagem local; consultar fonte manualmente
conquista,Conquista,artigo-conquista.html,,,,,,sem imagem local; consultar fonte manualmente
delta,Delta,artigo-delta.html,,,,,,sem imagem local; consultar fonte manualmente
verissimo,Veríssimo,artigo-verissimo.html,,,,,,sem imagem local; consultar fonte manualmente
araguari,Araguari,artigo-araguari.html,,,,,,sem imagem local; consultar fonte manualmente
arapora,Araporã,artigo-arapora.html,img/wikipedia/arapora/image.jpg,Araporã,Araporã — imagem da página correspondente na Wikipédia.,Public domain,https://commons.wikimedia.org/wiki/File:Arapora-Foto-Aerea-2005.jpg,local e com legenda/crédito
canapolis,Canápolis,artigo-canapolis.html,,,,,,sem imagem local; consultar fonte manualmente
cascalho-rico,Cascalho Rico,artigo-cascalho-rico.html,,,,,,sem imagem local; consultar fonte manualmente
centralina,Centralina,artigo-centralina.html,,,,,,sem imagem local; consultar fonte manualmente
indianopolis,Indianópolis,artigo-indianopolis.html,,,,,,sem imagem local; consultar fonte manualmente
monte-alegre-de-minas,Monte Alegre de Minas,artigo-monte-alegre-de-minas.html,,,,,,sem imagem local; consultar fonte manualmente
prata,Prata,artigo-prata.html,,,,,,sem imagem local; consultar fonte manualmente
tupaciguara,Tupaciguara,artigo-tupaciguara.html,img/wikipedia/tupaciguara/image.jpg,Tupaciguara,Tupaciguara — imagem da página correspondente na Wikipédia.,Public domain,https://commons.wikimedia.org/wiki/File:Bandeiratupaciguara.jpg,local e com legenda/crédito
capitao-mor-jose-vieira-da-silva,Capitão-Mór José Vieira da Silva,artigo-capitao-mor-jose-vieira-da-silva.html,,,,,,sem imagem local; consultar fonte manualmente
ana-maria-da-conceicao,Ana Maria da Conceição,artigo-ana-maria-da-conceicao.html,,,,,,sem imagem local; consultar fonte manualmente
alferes-joaquim-antonio-de-lima,Alferes Joaquim Antônio de Lima,artigo-alferes-joaquim-antonio-de-lima.html,,,,,,sem imagem local; consultar fonte manualmente
rita-candida-de-jesus,Rita Cândida de Jesus,artigo-rita-candida-de-jesus.html,,,,,,sem imagem local; consultar fonte manualmente
severino-jose-vieira,Severino José Vieira,artigo-severino-jose-vieira.html,,,,,,sem imagem local; consultar fonte manualmente
maria-antonia-de-lima,Maria Antônia de Lima,artigo-maria-antonia-de-lima.html,,,,,,sem imagem local; consultar fonte manualmente
maria-jose-da-conceicao,"Maria José da Conceição, Baronesa da Rifaina",artigo-maria-jose-da-conceicao.html,,,,,,sem imagem local; consultar fonte manualmente
manuel-joaquim-de-santana,Manuel Joaquim de Sant'Ana,artigo-manuel-joaquim-de-santana.html,,,,,,sem imagem local; consultar fonte manualmente
maria-jose-da-silva-sogra-do-barao,Maria José da Silva (sogra do Barão da Rifaina),artigo-maria-jose-da-silva-sogra-do-barao.html,,,,,,sem imagem local; consultar fonte manualmente
ernesto-de-paula-vieira,Ernesto de Paula Vieira,artigo-ernesto-de-paula-vieira.html,,,,,,sem imagem local; consultar fonte manualmente
amelia-vieira,Amélia Vieira,artigo-amelia-vieira.html,,,,,,sem imagem local; consultar fonte manualmente
agnelo-de-paula-vieira,Agnelo de Paula Vieira,artigo-agnelo-de-paula-vieira.html,,,,,,sem imagem local; consultar fonte manualmente
maria-candida-vieira,Maria Cândida Vieira,artigo-maria-candida-vieira.html,,,,,,sem imagem local; consultar fonte manualmente
descendente-doadora-do-acervo-barao-da-rifaina,Descendente doadora do acervo do Barão da Rifaina,artigo-descendente-doadora-do-acervo-barao-da-rifaina.html,,,,,,sem imagem local; consultar fonte manualmente
vicentina-de-paula-vieira,Vicentina de Paula Vieira,artigo-vicentina-de-paula-vieira.html,,,,,,sem imagem local; consultar fonte manualmente
capitao-vicente-de-paula-vieira-junior,Capitão Vicente de Paula Vieira Júnior,artigo-capitao-vicente-de-paula-vieira-junior.html,,,,,,sem imagem local; consultar fonte manualmente
maria-jose-vieira-de-almeida,Maria José Vieira de Almeida,artigo-maria-jose-vieira-de-almeida.html,,,,,,sem imagem local; consultar fonte manualmente
jose-vieira-de-paula,Doutor José Vieira de Paula,artigo-jose-vieira-de-paula.html,,,,,,sem imagem local; consultar fonte manualmente
olympia-vieira-de-santana,Olympia Vieira de Santana,artigo-olympia-vieira-de-santana.html,,,,,,sem imagem local; consultar fonte manualmente
vicente-de-paula-vieira-neto,"Coronel Vicente de Paula Vieira Neto (""Vicentinho"")",artigo-vicente-de-paula-vieira-neto.html,,,,,,sem imagem local; consultar fonte manualmente
laura-vieira-de-oliveira,Laura Vieira de Oliveira,artigo-laura-vieira-de-oliveira.html,,,,,,sem imagem local; consultar fonte manualmente
tenente-joaquim-jose-vieira,Tenente Joaquim José Vieira,artigo-tenente-joaquim-jose-vieira.html,,,,,,sem imagem local; consultar fonte manualmente
ana-antonia-de-lima,"Ana Antônia de Lima (""Ana Vieira"")",artigo-ana-antonia-de-lima.html,,,,,,sem imagem local; consultar fonte manualmente
major-severino-jose-vieira-filho,Major Severino José Vieira Filho,artigo-major-severino-jose-vieira-filho.html,,,,,,sem imagem local; consultar fonte manualmente
capitao-manuel-antonio-de-santana,Capitão Manuel Antônio de Santana,artigo-capitao-manuel-antonio-de-santana.html,,,,,,sem imagem local; consultar fonte manualmente
francisca-de-paula-santana,Francisca de Paula Santana,artigo-francisca-de-paula-santana.html,,,,,,sem imagem local; consultar fonte manualmente
coronel-jose-affonso-de-almeida,Coronel José Affonso de Almeida,artigo-coronel-jose-affonso-de-almeida.html,,,,,,sem imagem local; consultar fonte manualmente
coronel-antonio-carlos-da-silva,Coronel Antônio Carlos da Silva,artigo-coronel-antonio-carlos-da-silva.html,,,,,,sem imagem local; consultar fonte manualmente
major-joao-baptista-de-siqueira,Major João Baptista de Siqueira,artigo-major-joao-baptista-de-siqueira.html,,,,,,sem imagem local; consultar fonte manualmente
capitao-francisco-jose-de-oliveira,Capitão Francisco José de Oliveira,artigo-capitao-francisco-jose-de-oliveira.html,,,,,,sem imagem local; consultar fonte manualmente
padre-hermogenes-cassimiro-de-araujo-brunswick,Padre Hermógenes Cassimiro de Araujo Brunswick,artigo-padre-hermogenes-cassimiro-de-araujo-brunswick.html,,,,,,sem imagem local; consultar fonte manualmente
doutor-antonio-de-cerqueira-lima,Juiz de Direito Doutor Antônio de Cerqueira Lima,artigo-doutor-antonio-de-cerqueira-lima.html,,,,,,sem imagem local; consultar fonte manualmente
senador-manuel-da-silva-prata,Senador Manuel da Silva Prata,artigo-senador-manuel-da-silva-prata.html,,,,,,sem imagem local; consultar fonte manualmente
afonso-pena,Afonso Pena,artigo-afonso-pena.html,img/wikipedia/afonso-pena/image.jpg,"Retrato fotográfico de Afonso Pena, por volta de 1906","Afonso Pena, retrato oficial de 1906.",Domínio público,https://commons.wikimedia.org/wiki/File:Afonso_Pena.jpg,local e com legenda/crédito
lafayette-rodrigues-pereira,Lafayette Rodrigues Pereira,artigo-lafayette-rodrigues-pereira.html,,,,,,sem imagem local; consultar fonte manualmente
martim-francisco-ribeiro-de-andrada,Martim Francisco Ribeiro de Andrada,artigo-martim-francisco-ribeiro-de-andrada.html,,,,,,sem imagem local; consultar fonte manualmente
joaquim-delaney,Joaquim Delaney,artigo-joaquim-delaney.html,,,,,,sem imagem local; consultar fonte manualmente
antonio-augusto-de-lima,Antônio Augusto de Lima,artigo-antonio-augusto-de-lima.html,,,,,,sem imagem local; consultar fonte manualmente
francisco-luis-da-veiga,Francisco Luís da Veiga,artigo-francisco-luis-da-veiga.html,,,,,,sem imagem local; consultar fonte manualmente
bernardo-avelino-gaviao-peixoto,Bernardo Avelino Gavião Peixoto,artigo-bernardo-avelino-gaviao-peixoto.html,,,,,,sem imagem local; consultar fonte manualmente
jose-bento-leite-ferreira-de-melo,José Bento Leite Ferreira de Melo,artigo-jose-bento-leite-ferreira-de-melo.html,,,,,,sem imagem local; consultar fonte manualmente
teofilo-otoni,Teófilo Otoni,artigo-teofilo-otoni.html,,,,,,sem imagem local; consultar fonte manualmente
guarda-nacional-no-triangulo-mineiro,Guarda Nacional no Triângulo Mineiro e Alto Paranaíba,artigo-guarda-nacional-no-triangulo-mineiro.html,,,,,,sem imagem local; consultar fonte manualmente
eleitorado-paroquial-partido-liberal-triangulo-mineiro,"Eleitorado paroquial e Partido Liberal em Sacramento, Uberaba e Araxá",artigo-eleitorado-paroquial-partido-liberal-triangulo-mineiro.html,,,,,,sem imagem local; consultar fonte manualmente
justica-de-paz-administracao-municipal-sacramento-rifaina,Justiça de paz e administração municipal de Sacramento e Rifaina,artigo-justica-de-paz-administracao-municipal-sacramento-rifaina.html,,,,,,sem imagem local; consultar fonte manualmente
estrada-de-ferro-mogiana,Estrada de Ferro Mogiana,artigo-estrada-de-ferro-mogiana.html,img/wikipedia/estrada-de-ferro-mogiana/image.jpg,"Trem de carga histórico da Companhia Mogiana de Estradas de Ferro, década de 1960","Trem de carga da Companhia Mogiana de Estradas de Ferro, década de 1960.",CC BY-SA,https://commons.wikimedia.org/wiki/File:Companhia_Mogiana_-_Trem_de_carga_(D%C3%A9cada_de_1960).jpg,local e com legenda/crédito
rio-grande,Rio Grande,artigo-rio-grande.html,,,,,,sem imagem local; consultar fonte manualmente
ciclo-do-cafe-no-triangulo-mineiro,Ciclo do café no Triângulo Mineiro e Alto Paranaíba,artigo-ciclo-do-cafe-no-triangulo-mineiro.html,,,,,,sem imagem local; consultar fonte manualmente
paroquia-nossa-senhora-do-patrocinio-santissimo-sacramento,Paróquia de Nossa Senhora do Patrocínio do Santíssimo Sacramento,artigo-paroquia-nossa-senhora-do-patrocinio-santissimo-sacramento.html,,,,,,sem imagem local; consultar fonte manualmente
domingos-da-silva-e-oliveira,Capitão Domingos da Silva e Oliveira,artigo-domingos-da-silva-e-oliveira.html,,,,,,sem imagem local; consultar fonte manualmente
eustaquio-da-silva-e-oliveira,Major Eustáquio da Silva e Oliveira,artigo-eustaquio-da-silva-e-oliveira.html,,,,,,sem imagem local; consultar fonte manualmente
frei-eugenio-maria-da-genova,Frei Eugênio Maria da Gênova,artigo-frei-eugenio-maria-da-genova.html,,,,,,sem imagem local; consultar fonte manualmente
padre-zeferino-batista-do-carmo,Padre Zeferino Batista do Carmo,artigo-padre-zeferino-batista-do-carmo.html,,,,,,sem imagem local; consultar fonte manualmente
fidelis-goncalves-reis,Fidélis Gonçalves Reis,artigo-fidelis-goncalves-reis.html,,,,,,sem imagem local; consultar fonte manualmente
crispim-jacques-bias-fortes,Chrispim Jacques Bias Fortes,artigo-crispim-jacques-bias-fortes.html,,,,,,sem imagem local; consultar fonte manualmente
elite-agraria-escravocrata-do-triangulo-mineiro-imperial,Elite agrária escravocrata do Triângulo Mineiro no Império,artigo-elite-agraria-escravocrata-do-triangulo-mineiro-imperial.html,,,,,,sem imagem local; consultar fonte manualmente
clero-catolico-no-triangulo-mineiro-imperial,Clero católico no Triângulo Mineiro durante o Império,artigo-clero-catolico-no-triangulo-mineiro-imperial.html,,,,,,sem imagem local; consultar fonte manualmente
escravidao-e-alforria-no-triangulo-mineiro-imperial,Escravidão e alforria no Triângulo Mineiro durante o Império,artigo-escravidao-e-alforria-no-triangulo-mineiro-imperial.html,,,,,,sem imagem local; consultar fonte manualmente
violencia-domestica-contra-pessoas-escravizadas-no-brasil-imperial,Violência doméstica contra pessoas escravizadas no Brasil Imperial,artigo-violencia-domestica-contra-pessoas-escravizadas-no-brasil-imperial.html,,,,,,sem imagem local; consultar fonte manualmente
minas-gerais,Minas Gerais,artigo-minas-gerais.html,,,,,,sem imagem local; consultar fonte manualmente
goias,Goiás,artigo-goias.html,,,,,,sem imagem local; consultar fonte manualmente
sao-paulo,São Paulo (estado),artigo-sao-paulo.html,,,,,,sem imagem local; consultar fonte manualmente
parana,Rio Paraná,artigo-parana.html,,,,,,sem imagem local; consultar fonte manualmente
instituto-barao-da-rifaina,Instituto Barão da Rifaina,artigo-instituto-barao-da-rifaina.html,,,,,,sem imagem local; consultar fonte manualmente
adalardo-muniz-borges,Adalardo Muniz Borges,artigo-adalardo-muniz-borges.html,,,,,,sem imagem local; consultar fonte manualmente
ana-urzedo-de-queiroz,Ana Urzedo de Queiroz,artigo-ana-urzedo-de-queiroz.html,,,,,,sem imagem local; consultar fonte manualmente
antonio-de-paula-e-silva,António de Paula e Silva,artigo-antonio-de-paula-e-silva.html,,,,,,sem imagem local; consultar fonte manualmente
antonio-pires-de-campos,Antônio Pires de Campos,artigo-antonio-pires-de-campos.html,,,,,,sem imagem local; consultar fonte manualmente
auguste-de-saint-hilaire,Auguste de Saint-Hilaire,artigo-auguste-de-saint-hilaire.html,img/wikipedia/auguste-de-saint-hilaire/image.jpg,Retrato de Auguste de Saint-Hilaire,Auguste de Saint-Hilaire (1779–1853).,Domínio público,https://commons.wikimedia.org/wiki/File:Auguste_de_Saint-Hilaire.jpg,local e com legenda/crédito
bartolomeu-bueno-da-silva-anhanguera,"Bartolomeu Bueno da Silva, o Anhanguera",artigo-bartolomeu-bueno-da-silva-anhanguera.html,img/wikipedia/bartolomeu-bueno-da-silva-anhanguera/image.jpg,"Estátua de Bartolomeu Bueno da Silva, o Anhanguera, no Parque Trianon, em São Paulo","Estátua do Anhanguera, Parque Trianon (São Paulo), obra de Luigi Brizzolara — a mesma imagem usada nos artigos sobre ele na Wikipédia em português e em inglês.",CC BY-SA,"https://commons.wikimedia.org/wiki/File:Anhanguera_by_Luigi_Brizzolara_-_Parque_Trianon_-_S%C3%A3o_Paulo,_Brazil_-_DSC07443.JPG",local e com legenda/crédito
capela-sao-jose-do-rio-tijuco,Capela de São José do Rio Tijuco,artigo-capela-sao-jose-do-rio-tijuco.html,,,,,,sem imagem local; consultar fonte manualmente
carolina-teodoro-de-castro,Carolina Teodoro de Castro,artigo-carolina-teodoro-de-castro.html,,,,,,sem imagem local; consultar fonte manualmente
cemiterio-sao-miguel-uberaba,Cemitério São Miguel (Uberaba),artigo-cemiterio-sao-miguel-uberaba.html,,,,,,sem imagem local; consultar fonte manualmente
clara-chaves,Clara Chaves,artigo-clara-chaves.html,,,,,,sem imagem local; consultar fonte manualmente
conde-de-valadares,Conde de Valadares,artigo-conde-de-valadares.html,,,,,,sem imagem local; consultar fonte manualmente
coronel-francisco-meireles-do-carmo,Coronel Francisco Meireles do Carmo,artigo-coronel-francisco-meireles-do-carmo.html,,,,,,sem imagem local; consultar fonte manualmente
coronel-jose-de-paula-gouveia,Coronel José de Paula Gouveia,artigo-coronel-jose-de-paula-gouveia.html,,,,,,sem imagem local; consultar fonte manualmente
estrada-de-goias,Estrada de Goiás,artigo-estrada-de-goias.html,,,,,,sem imagem local; consultar fonte manualmente
fazenda-corguinho,Fazenda Córguinho,artigo-fazenda-corguinho.html,,,,,,sem imagem local; consultar fonte manualmente
fazenda-corrego-do-cerrado,Fazenda Córrego do Cerrado,artigo-fazenda-corrego-do-cerrado.html,,,,,,sem imagem local; consultar fonte manualmente
francisca-justiniana-de-andrade,Francisca Justiniana de Andrade,artigo-francisca-justiniana-de-andrade.html,,,,,,sem imagem local; consultar fonte manualmente
igreja-do-rosario-de-uberaba,Igreja do Rosário de Uberaba,artigo-igreja-do-rosario-de-uberaba.html,,,,,,sem imagem local; consultar fonte manualmente
inconfidencia-mineira,Inconfidência Mineira,artigo-inconfidencia-mineira.html,,,,,,sem imagem local; consultar fonte manualmente
jeronimo-maximiano-da-silva,Jerônimo Maximiano da Silva,artigo-jeronimo-maximiano-da-silva.html,,,,,,sem imagem local; consultar fonte manualmente
joaquim-antonio-de-morais,Joaquim Antônio de Morais,artigo-joaquim-antonio-de-morais.html,,,,,,sem imagem local; consultar fonte manualmente
jose-candido-de-lima,José Cândido de Lima,artigo-jose-candido-de-lima.html,,,,,,sem imagem local; consultar fonte manualmente
jose-cirilo-de-paula,José Cirilo de Paula,artigo-jose-cirilo-de-paula.html,,,,,,sem imagem local; consultar fonte manualmente
jose-da-silva-ramos-ituiutaba,José da Silva Ramos (Ituiutaba),artigo-jose-da-silva-ramos-ituiutaba.html,,,,,,sem imagem local; consultar fonte manualmente
jose-de-souza-lima,José de Souza Lima,artigo-jose-de-souza-lima.html,,,,,,sem imagem local; consultar fonte manualmente
llewellyn-ivor-price,Llewellyn Ivor Price,artigo-llewellyn-ivor-price.html,img/wikipedia/llewellyn-ivor-price/image.png,Retrato de Llewellyn Ivor Price,Llewellyn Ivor Price (1905–1980).,CC BY-SA,https://commons.wikimedia.org/wiki/File:Llewellyn_Ivor_Price.png,local e com legenda/crédito
lourenco-castanho-taques,Lourenço Castanho Taques,artigo-lourenco-castanho-taques.html,,,,,,sem imagem local; consultar fonte manualmente
manuel-bernardes-nazianzeno-da-silveira,Manuel Bernardes Nazianzeno da Silveira,artigo-manuel-bernardes-nazianzeno-da-silveira.html,,,,,,sem imagem local; consultar fonte manualmente
marcondes-alves-de-queiroz,Marcondes Alves de Queiroz,artigo-marcondes-alves-de-queiroz.html,,,,,,sem imagem local; consultar fonte manualmente
mauricio-goulart-fronteira,Maurício Goulart (fundador de Fronteira),artigo-mauricio-goulart-fronteira.html,,,,,,sem imagem local; consultar fonte manualmente
nicolau-antonio,Nicolau Antônio,artigo-nicolau-antonio.html,,,,,,sem imagem local; consultar fonte manualmente
parque-do-barreiro,Parque do Barreiro,artigo-parque-do-barreiro.html,,,,,,sem imagem local; consultar fonte manualmente
santa-casa-de-misericordia-de-uberaba,Santa Casa de Misericórdia de Uberaba,artigo-santa-casa-de-misericordia-de-uberaba.html,,,,,,sem imagem local; consultar fonte manualmente
revolucao-de-1842,Revolução de 1842,artigo-revolucao-de-1842.html,,,,,,sem imagem local; consultar fonte manualmente
lei-do-ventre-livre,Lei do Ventre Livre,artigo-lei-do-ventre-livre.html,,,,,,sem imagem local; consultar fonte manualmente
lei-dos-sexagenarios,Lei dos Sexagenários,artigo-lei-dos-sexagenarios.html,,,,,,sem imagem local; consultar fonte manualmente
lei-aurea,Lei Áurea,artigo-lei-aurea.html,,,,,,sem imagem local; consultar fonte manualmente
partido-conservador,Partido Conservador,artigo-partido-conservador.html,,,,,,sem imagem local; consultar fonte manualmente
segundo-reinado,Segundo Reinado,artigo-segundo-reinado.html,,,,,,sem imagem local; consultar fonte manualmente
conselho-de-ministros-do-imperio,Conselho de Ministros do Império,artigo-conselho-de-ministros-do-imperio.html,,,,,,sem imagem local; consultar fonte manualmente
primeira-republica,Primeira República,artigo-primeira-republica.html,,,,,,sem imagem local; consultar fonte manualmente
assembleia-provincial-de-minas-gerais,Assembleia Provincial de Minas Gerais,artigo-assembleia-provincial-de-minas-gerais.html,,,,,,sem imagem local; consultar fonte manualmente
serra-da-mantiqueira,Serra da Mantiqueira,artigo-serra-da-mantiqueira.html,img/wikipedia/serra-da-mantiqueira/image.jpg,Paisagem montanhosa da Serra da Mantiqueira,Paisagem da Serra da Mantiqueira.,CC BY-SA,https://commons.wikimedia.org/wiki/File:Montanhas_da_Serra_da_mantiqueira.jpg,local e com legenda/crédito
vale-do-paraiba,Vale do Paraíba,artigo-vale-do-paraiba.html,img/wikipedia/vale-do-paraiba/image.jpg,Paisagem do Vale do Paraíba,Paisagem do Vale do Paraíba.,CC BY-SA,https://commons.wikimedia.org/wiki/File:Vale_do_paraiba.jpg,local e com legenda/crédito
mata-da-corda,Mata da Corda,artigo-mata-da-corda.html,,,,,,sem imagem local; consultar fonte manualmente
capitaes-mores-no-triangulo-mineiro,Capitães-mores e o povoamento do Triângulo Mineiro,artigo-capitaes-mores-no-triangulo-mineiro.html,,,,,,sem imagem local; consultar fonte manualmente
rifaina-sp,Rifaina (SP),artigo-rifaina-sp.html,,,,,,sem imagem local; consultar fonte manualmente
universidade-federal-de-uberlandia,Universidade Federal de Uberlândia,artigo-universidade-federal-de-uberlandia.html,,,,,,sem imagem local; consultar fonte manualmente
universidade-federal-do-triangulo-mineiro,Universidade Federal do Triângulo Mineiro,artigo-universidade-federal-do-triangulo-mineiro.html,img/wikipedia/universidade-federal-do-triangulo-mineiro/image.png,Universidade Federal do Triângulo Mineiro,Universidade Federal do Triângulo Mineiro — imagem da página correspondente na Wikipédia.,CC BY-SA 4.0,https://commons.wikimedia.org/wiki/File:LOGOUFTM.png,local e com legenda/crédito
universidade-federal-de-vicosa,Universidade Federal de Viçosa,artigo-universidade-federal-de-vicosa.html,img/wikipedia/universidade-federal-de-vicosa/image.jpg,"Edifício Arthur da Silva Bernardes, prédio histórico do campus da UFV em Viçosa","Edifício Arthur da Silva Bernardes, no campus-sede da UFV em Viçosa (MG) — fora do Triângulo Mineiro.",CC BY-SA,"https://commons.wikimedia.org/wiki/File:Vista_do_Edif%C3%ADcio_Arthur_da_Silva_Bernardes_na_UFV,_Vi%C3%A7osa_MG.JPG",local e com legenda/crédito
associacao-brasileira-dos-criadores-de-zebu,Associação Brasileira dos Criadores de Zebu,artigo-associacao-brasileira-dos-criadores-de-zebu.html,img/wikipedia/associacao-brasileira-dos-criadores-de-zebu/image.jpg,"Boi da raça Nelore, a principal raça zebuína criada no Brasil",Boi da raça Nelore — a raça zebuína de maior destaque no registro genealógico da ABCZ.,CC BY-SA,https://commons.wikimedia.org/wiki/File:Boi_Nelore_no_sul_do_Brasil.jpg,local e com legenda/crédito
centro-de-pesquisas-paleontologicas-de-peiropolis,Centro de Pesquisas Paleontológicas Llewellyn Ivor Price,artigo-centro-de-pesquisas-paleontologicas-de-peiropolis.html,img/wikipedia/centro-de-pesquisas-paleontologicas-de-peiropolis/image.jpg,Réplica de esqueleto de titanossauro em exposição em Peirópolis,"Réplica de titanossauro em exposição no Centro de Pesquisas Paleontológicas, em Peirópolis.",CC BY-SA,https://commons.wikimedia.org/wiki/File:Replica_de_Titanossauro_em_Peir%C3%B3polis.jpg,local e com legenda/crédito
diocese-de-uberaba,Diocese de Uberaba,artigo-diocese-de-uberaba.html,img/wikipedia/diocese-de-uberaba/image.jpg,Fachada da Catedral de São Domingos (Catedral Metropolitana de Uberaba),"Catedral de São Domingos, sede da Arquidiocese de Uberaba.",CC BY-SA,https://commons.wikimedia.org/wiki/File:Catedral_S%C3%A3o_Domingos_em_Uberaba.jpg,local e com legenda/crédito
usina-hidreletrica-de-porto-colombia,Usina Hidrelétrica de Porto Colômbia,artigo-usina-hidreletrica-de-porto-colombia.html,,,,,,sem imagem local; consultar fonte manualmente
diogo-antonio-feijo,Diogo Antônio Feijó,artigo-diogo-antonio-feijo.html,,,,,,sem imagem local; consultar fonte manualmente
bernardo-pereira-de-vasconcelos,Bernardo Pereira de Vasconcelos,artigo-bernardo-pereira-de-vasconcelos.html,,,,,,sem imagem local; consultar fonte manualmente
pedro-de-araujo-lima-marques-de-olinda,"Pedro de Araújo Lima, Marquês de Olinda",artigo-pedro-de-araujo-lima-marques-de-olinda.html,,,,,,sem imagem local; consultar fonte manualmente
honorio-hermeto-carneiro-leao-marques-de-parana,"Honório Hermeto Carneiro Leão, Marquês do Paraná",artigo-honorio-hermeto-carneiro-leao-marques-de-parana.html,,,,,,sem imagem local; consultar fonte manualmente
joaquim-jose-rodrigues-torres-visconde-de-itaborai,"Joaquim José Rodrigues Torres, Visconde de Itaboraí",artigo-joaquim-jose-rodrigues-torres-visconde-de-itaborai.html,,,,,,sem imagem local; consultar fonte manualmente
manuel-alves-branco,Manuel Alves Branco,artigo-manuel-alves-branco.html,,,,,,sem imagem local; consultar fonte manualmente
jose-antonio-saraiva,José Antônio Saraiva,artigo-jose-antonio-saraiva.html,,,,,,sem imagem local; consultar fonte manualmente
manuel-pinto-de-sousa-dantas,Manuel Pinto de Sousa Dantas,artigo-manuel-pinto-de-sousa-dantas.html,,,,,,sem imagem local; consultar fonte manualmente
joao-alfredo-correia-de-oliveira,João Alfredo Correia de Oliveira,artigo-joao-alfredo-correia-de-oliveira.html,,,,,,sem imagem local; consultar fonte manualmente
jose-bonifacio-de-andrada-e-silva,José Bonifácio de Andrada e Silva,artigo-jose-bonifacio-de-andrada-e-silva.html,,,,,,sem imagem local; consultar fonte manualmente
eusebio-de-queiros,Eusébio de Queirós,artigo-eusebio-de-queiros.html,,,,,,sem imagem local; consultar fonte manualmente
jose-maria-da-silva-paranhos-visconde-do-rio-branco,"José Maria da Silva Paranhos, Visconde do Rio Branco",artigo-jose-maria-da-silva-paranhos-visconde-do-rio-branco.html,,,,,,sem imagem local; consultar fonte manualmente
isabel-princesa-imperial-do-brasil,"Isabel, Princesa Imperial do Brasil",artigo-isabel-princesa-imperial-do-brasil.html,,,,,,sem imagem local; consultar fonte manualmente
dom-pedro-ii,Dom Pedro II,artigo-dom-pedro-ii.html,,,,,,sem imagem local; consultar fonte manualmente
joaquim-jose-da-silva-xavier-tiradentes,Joaquim José da Silva Xavier (Tiradentes),artigo-joaquim-jose-da-silva-xavier-tiradentes.html,,,,,,sem imagem local; consultar fonte manualmente
pedro-taques-de-almeida-paes-leme,Pedro Taques de Almeida Paes Leme,artigo-pedro-taques-de-almeida-paes-leme.html,,,,,,sem imagem local; consultar fonte manualmente
washington-luis,Washington Luís,artigo-washington-luis.html,,,,,,sem imagem local; consultar fonte manualmente
julio-prestes,Júlio Prestes,artigo-julio-prestes.html,,,,,,sem imagem local; consultar fonte manualmente
getulio-vargas,Getúlio Vargas,artigo-getulio-vargas.html,,,,,,sem imagem local; consultar fonte manualmente
joao-pessoa,João Pessoa,artigo-joao-pessoa.html,,,,,,sem imagem local; consultar fonte manualmente
benedito-valadares,Benedito Valadares,artigo-benedito-valadares.html,,,,,,sem imagem local; consultar fonte manualmente
peter-henry-rolfs,Peter Henry Rolfs,artigo-peter-henry-rolfs.html,,,,,,sem imagem local; consultar fonte manualmente
roberto-burle-marx,Roberto Burle Marx,artigo-roberto-burle-marx.html,,,,,,sem imagem local; consultar fonte manualmente
dom-eduardo-duarte-silva,Dom Eduardo Duarte Silva,artigo-dom-eduardo-duarte-silva.html,,,,,,sem imagem local; consultar fonte manualmente
luiz-signorelli,Luiz Signorelli,artigo-luiz-signorelli.html,,,,,,sem imagem local; consultar fonte manualmente
fernando-alexandre-vilela-andrade,Fernando Alexandre Vilela Andrade,artigo-fernando-alexandre-vilela-andrade.html,,,,,,sem imagem local; consultar fonte manualmente
joaquim-gotardo-de-lima,Joaquim Gotardo de Lima,artigo-joaquim-gotardo-de-lima.html,,,,,,sem imagem local; consultar fonte manualmente
padre-antonio-dias-gouveia,Padre Antônio Dias Gouveia,artigo-padre-antonio-dias-gouveia.html,,,,,,sem imagem local; consultar fonte manualmente
mario-palmerio,Mário Palmério,artigo-mario-palmerio.html,,,,,,sem imagem local; consultar fonte manualmente
chico-xavier,Chico Xavier,artigo-chico-xavier.html,,,,,,sem imagem local; consultar fonte manualmente
barao-de-ponte-alta,"Antônio Elói Casimiro de Araújo, barão de Ponte Alta",artigo-barao-de-ponte-alta.html,,,,,,sem imagem local; consultar fonte manualmente
antonio-borges-sampaio,Antônio Borges Sampaio,artigo-antonio-borges-sampaio.html,,,,,,sem imagem local; consultar fonte manualmente
thomaz-pimentel-de-ulhoa,Thomaz Pimentel de Ulhôa,artigo-thomaz-pimentel-de-ulhoa.html,,,,,,sem imagem local; consultar fonte manualmente
joaquim-jose-saraiva-junior,Joaquim José Saraiva Júnior,artigo-joaquim-jose-saraiva-junior.html,,,,,,sem imagem local; consultar fonte manualmente
jose-joaquim-de-oliveira-teixeira,José Joaquim de Oliveira Teixeira,artigo-jose-joaquim-de-oliveira-teixeira.html,,,,,,sem imagem local; consultar fonte manualmente
joaquim-botelho-medico-uberaba,Joaquim Botelho,artigo-joaquim-botelho-medico-uberaba.html,,,,,,sem imagem local; consultar fonte manualmente
joao-baptista-pinheiro-uberaba,João Baptista Pinheiro,artigo-joao-baptista-pinheiro-uberaba.html,,,,,,sem imagem local; consultar fonte manualmente
francelino-carvalho,Francelino Carvalho,artigo-francelino-carvalho.html,,,,,,sem imagem local; consultar fonte manualmente
bernardo-guimaraes,Bernardo Guimarães,artigo-bernardo-guimaraes.html,,,,,,sem imagem local; consultar fonte manualmente
joao-da-matta-machado-junior,João da Matta Machado Júnior,artigo-joao-da-matta-machado-junior.html,,,,,,sem imagem local; consultar fonte manualmente
joao-chrockatt-de-sa-pereira-de-castro,João Chrockatt de Sá Pereira de Castro,artigo-joao-chrockatt-de-sa-pereira-de-castro.html,,,,,,sem imagem local; consultar fonte manualmente
avelino-milagres,Avelino Milagres,artigo-avelino-milagres.html,,,,,,sem imagem local; consultar fonte manualmente
constantino-paleta,Constantino Paleta,artigo-constantino-paleta.html,,,,,,sem imagem local; consultar fonte manualmente
joao-severiano-da-fonseca-hermes,João Severiano da Fonseca Hermes,artigo-joao-severiano-da-fonseca-hermes.html,,,,,,sem imagem local; consultar fonte manualmente
ivo-silveira-liberto-diamantina,Ivo Silveira,artigo-ivo-silveira-liberto-diamantina.html,,,,,,sem imagem local; consultar fonte manualmente
feliciano-duarte-liberto-diamantina,Feliciano Duarte,artigo-feliciano-duarte-liberto-diamantina.html,,,,,,sem imagem local; consultar fonte manualmente
joaquim-nabuco,Joaquim Nabuco,artigo-joaquim-nabuco.html,,,,,,sem imagem local; consultar fonte manualmente
andre-reboucas,André Rebouças,artigo-andre-reboucas.html,,,,,,sem imagem local; consultar fonte manualmente
luis-gama,Luís Gama,artigo-luis-gama.html,,,,,,sem imagem local; consultar fonte manualmente
jose-do-patrocinio,José do Patrocínio,artigo-jose-do-patrocinio.html,,,,,,sem imagem local; consultar fonte manualmente
antonio-bento-de-souza-e-castro,Antônio Bento de Souza e Castro,artigo-antonio-bento-de-souza-e-castro.html,,,,,,sem imagem local; consultar fonte manualmente
maria-firmina-dos-reis,Maria Firmina dos Reis,artigo-maria-firmina-dos-reis.html,,,,,,sem imagem local; consultar fonte manualmente
ana-jacinta-de-sao-jose-dona-beja,Ana Jacinta de São José (Dona Beja),artigo-ana-jacinta-de-sao-jose-dona-beja.html,,,,,,sem imagem local; consultar fonte manualmente
felisberto-alves-carrijo,Felisberto Alves Carrijo,artigo-felisberto-alves-carrijo.html,,,,,,sem imagem local; consultar fonte manualmente
joao-pereira-da-rocha,João Pereira da Rocha,artigo-joao-pereira-da-rocha.html,,,,,,sem imagem local; consultar fonte manualmente
francisca-alves-rabelo,Francisca Alves Rabelo,artigo-francisca-alves-rabelo.html,,,,,,sem imagem local; consultar fonte manualmente
henrique-raimundo-des-genettes,Henrique Raimundo Des Genettes,artigo-henrique-raimundo-des-genettes.html,,,,,,sem imagem local; consultar fonte manualmente
rosa-escravizada-de-bagagem,Rosa (escravizada de Bagagem),artigo-rosa-escravizada-de-bagagem.html,,,,,,sem imagem local; consultar fonte manualmente
casimiro-de-morais,Casimiro de Morais,artigo-casimiro-de-morais.html,,,,,,sem imagem local; consultar fonte manualmente
teofilo-de-godoy,Teófilo de Godoy,artigo-teofilo-de-godoy.html,,,,,,sem imagem local; consultar fonte manualmente
antonio-joaquim-da-silva-guerra,Antônio Joaquim da Silva Guerra,artigo-antonio-joaquim-da-silva-guerra.html,,,,,,sem imagem local; consultar fonte manualmente
luiza-correa-de-andrade,Luiza Corrêa de Andrade,artigo-luiza-correa-de-andrade.html,,,,,,sem imagem local; consultar fonte manualmente
francisco-martins-mundim,Francisco Martins Mundim,artigo-francisco-martins-mundim.html,,,,,,sem imagem local; consultar fonte manualmente
padre-domingos-da-costa-pereira,Padre Domingos da Costa Pereira,artigo-padre-domingos-da-costa-pereira.html,,,,,,sem imagem local; consultar fonte manualmente
mariano-de-avila,Mariano de Ávila,artigo-mariano-de-avila.html,,,,,,sem imagem local; consultar fonte manualmente
pedro-goncalves-da-silva-pedro-panga,Pedro Gonçalves da Silva (Pedro Panga),artigo-pedro-goncalves-da-silva-pedro-panga.html,,,,,,sem imagem local; consultar fonte manualmente
joao-quintino-teixeira,João Quintino Teixeira,artigo-joao-quintino-teixeira.html,,,,,,sem imagem local; consultar fonte manualmente
candido-justiniano-da-lira-gama,Cândido Justiniano da Lira Gama,artigo-candido-justiniano-da-lira-gama.html,,,,,,sem imagem local; consultar fonte manualmente
manoel-joaquim-barcelos,Manoel Joaquim Barcelos,artigo-manoel-joaquim-barcelos.html,,,,,,sem imagem local; consultar fonte manualmente
capitao-pedro-franco-quaresma,Capitão Pedro Franco Quaresma,artigo-capitao-pedro-franco-quaresma.html,,,,,,sem imagem local; consultar fonte manualmente
comendador-joaquim-antonio-gomes-da-silva,Comendador Joaquim Antônio Gomes da Silva,artigo-comendador-joaquim-antonio-gomes-da-silva.html,,,,,,sem imagem local; consultar fonte manualmente
horacio-de-paula-e-silva,Horácio de Paula e Silva,artigo-horacio-de-paula-e-silva.html,,,,,,sem imagem local; consultar fonte manualmente
manoel-garcia-da-rosa-terra,Manoel Garcia da Rosa Terra,artigo-manoel-garcia-da-rosa-terra.html,,,,,,sem imagem local; consultar fonte manualmente
ambrosio-rei-quilombola,Ambrósio (Rei Ambrósio),artigo-ambrosio-rei-quilombola.html,,,,,,sem imagem local; consultar fonte manualmente
victoria-puri-uberaba,"Victoria (ação de liberdade de 1846, Uberaba)",artigo-victoria-puri-uberaba.html,,,,,,sem imagem local; consultar fonte manualmente
maria-rita-escravizada-uberaba,Maria Rita (Uberaba),artigo-maria-rita-escravizada-uberaba.html,,,,,,sem imagem local; consultar fonte manualmente
barbara-crioula-uberaba,Bárbara Crioula,artigo-barbara-crioula-uberaba.html,,,,,,sem imagem local; consultar fonte manualmente
belizario-cabra,Belizário Cabra,artigo-belizario-cabra.html,,,,,,sem imagem local; consultar fonte manualmente
jose-de-nacao-benguela,"José, de nação Benguela",artigo-jose-de-nacao-benguela.html,,,,,,sem imagem local; consultar fonte manualmente
marianna-de-nacao-benguela,"Marianna, de nação Benguela",artigo-marianna-de-nacao-benguela.html,,,,,,sem imagem local; consultar fonte manualmente
manuel-bento-cabra,Manuel Bento,artigo-manuel-bento-cabra.html,,,,,,sem imagem local; consultar fonte manualmente
pulcheria-cabra,Pulcheria,artigo-pulcheria-cabra.html,,,,,,sem imagem local; consultar fonte manualmente
theodoro-da-silva-brandao,Theodoro da Silva Brandão,artigo-theodoro-da-silva-brandao.html,,,,,,sem imagem local; consultar fonte manualmente
bartolomeu-bueno-do-prado,Bartolomeu Bueno do Prado,artigo-bartolomeu-bueno-do-prado.html,,,,,,sem imagem local; consultar fonte manualmente
inacio-correia-pamplona,Inácio Correia Pamplona,artigo-inacio-correia-pamplona.html,,,,,,sem imagem local; consultar fonte manualmente
benjamim-augusto-vieira,Benjamim Augusto Vieira,artigo-benjamim-augusto-vieira.html,,,,,,sem imagem local; consultar fonte manualmente
clemente-vieira-de-araujo,Doutor Clemente Vieira de Araújo,artigo-clemente-vieira-de-araujo.html,,,,,,sem imagem local; consultar fonte manualmente
